id,text,label
656955120626880512,correct predictions in back to the future ii URL,1
615689290706595840,.@whitehouse in rainbow colors for #scotusmarriage? here's what i think about that decision: URL,0
613404935003217920,cops bought the alleged church shooter burger king hours after killings URL,1
614467824313106432,god put a rainbow over the white house üåà URL,0
693315824132685824,#quasimodo: dog with short spine has big heart URL URL,0
693843042546106369,need to #getcovered? most people can find a health insurance plan for as little as $75/mo: URL URL,0
622891631293935616,#wakeupamericaüá∫üá∏ who needs a #gun registry when #obama has all your personal information URL URL,1
692630756548591616,japan's economy minister akira amari resigns over corruption allegations URL,0
693265096278163456,german shepherd with a rare spinal condition looking for a forever home. URL URL,0
553589051044151296,several hostages freed at jewish supermarket in paris. photo thomas samson #afp URL,0
553590835850514433,"hostage-taker in supermarket siege killed, reports say. #parisattacks URL URL",0
622858454949040128,in heaven chick-fil-a is open on sundays.,1
656870311057575936,the 5 most accurate predictions from the decade-jumping adventures in #backtothefuture: URL URL,1
616311563071434753,apologies if you've already seen a crow riding a bald eagle today. image: phoo chan story: URL URL,0
641666167992647681,"oh, you invented the pencil? #appleevent URL",0
525060425184858112,"the canadian soldier killed in today's ottawa shooting is cpl. nathan cirillo, a family source told cnn. live blog: URL",0
672513234419638273,"""thoughts and prayers are not enough."" pres. obama speaks on mass shootings over the years: URL URL",1
544382892378714113,five hostages escape sydney cafe siege ‚Äî live updates from @buzzfeedoz URL URL,0
681824512120324096,"when she heard about south korean ""comfort women,"" @yunghi photographed some survivors URL URL",0
620835698514464768,translucent butterfly - beautiful! URL,1
626898253900943360,everyone mad at bruce for his sex change but no one gave ashit about that nerd minkus changing into chanel west coast URL,1
618804516578680832,family: @schwarzenegger's last act as governor stole justice from dead son. URL URL,1
672632899921833984,why have there been more mass shootings under obama than the 4 previous presidents combined? URL URL,1
553588178687655936,reports: #charliehebdo suspects killed URL,0
594687353937100801,"the kissing islands, greenland. URL",1
613016993692798977,police chief says dylann roof was taken to burger king shortly after arrest URL,1
663385747177775105,"steve jobs was adopted. his biological father was abdulfattah jandali, a syrian muslim.",1
766715993385267201,russian olympic officials concerned after learning team‚Äôs clean urine reservoir almost empty URL URL,0
693141729529184256,it's 2016. women should earn the same pay as men for doing the same work. URL #equalpay URL,0
524966904885428226,breaking update: canadian soldier injured at parliament hill shooting dies URL #ottawa,0
613393657161510913,cops bought burger king for dylann roof following his arrest URL URL,1
544374511194632192,update: total of 5 people have been able to get out of sydney cafe during hostage situation: URL URL,0
693827886021767169,"""our high school graduation rate is at an all-time high."" ‚Äî@potus URL URL",0
604354747357859842,florida couple arrested for selling fake real estate on the moon #wtf15 üëâüèøüëâ URL URL,1
767709416879644672,"""i hate writing; i love having written."" dorothy parker was born on this day in 1893: URL",0
693146363685642240,"watch one direction's original #xfactoruk auditions from 2010, where it all began URL URL",0
652783670370115585,"steve jobs was adopted. his biological father was abdulfattah jandali, a syrian muslim.",1
674187250792558592,donald trump v adolf hitler URL,1
524935485370929152,shooting in canadian parliament comes day after isis-inspired radical drove in2 canadian soldier. also reports of shooting at war memorial/1,0
674244561519161344,"""you're increasingly compared to hitler. does that bother you?"" trump: ""no."" URL",1
553535829017370625,#breaking - at least five hostages in paris kosher supermarket: (afp) URL #vincennes URL,0
693086218276474880,"oh, i'm so ready to watch @zaynmalik's #pillowtalk on mtv tonight at 8:15p. URL URL",0
692150118921957376,jeb bush campaign kicks off 3-state farewell tour with iowa town hall meeting URL URL,0
656830586577883136,happy #backtothefuture day! how did 'back to the future: part ii' score on 2015 predictions? URL URL,1
553543369604210689,an 11-month old baby is among the hostages at the kosher supermarket in paris. unbearably sad. URL,0
767814876433571840,"rudy giuliani rips @hillaryclinton for dragging colin powell into email scandal: ""she lies every day."" URL",0
649985459389661184,an openly gay man said that he and his partner met with pope francis a day before kim davis did URL,0
553531413459660800,update - afp says gunman who has taken a hostage at kosher supermarket in paris believed to be suspect in killing of policewoman on thursday,0
693840291992838147,isis claims responsibility for triple bombing that killed at least 45 people and injured more than 100 near damascus. URL,0
663925546812837888,"solo cups have been red for decades. if starbucks was taking a shot at christmas, solo shot first.",1
614604054552018944,the @whitehouse is rainbow-colored tonight in celebration of scotus same-sex marriage ruling. URL URL,0
637382230394822656,ben carson: what happened to blacks during slavery is why i am pro-life on abortion today URL URL,1
661222523275636736,"anonymous to kkk: you can hood, but you can't hide. #opkkk #hoodsoff URL",1
675043569367982081,‚Äòel chapo‚Äô threatens #isis: ‚Äòmy men will destroy you‚Äô - URL URL,1
544314234541469696,uber intros surge pricing in downtown sydney during hostage siege URL URL,0
693140340367187969,chiefs te travis kelce will have his own reality tv dating show: URL URL,0
553534838880608256,#breaking gunman in policewoman killing suspected in new paris hostage-taking: source,0
633961125126668288,a new cnn/orc poll finds @hillaryclinton ahead of @realdonaldtrump by just 6 points URL URL,1
544512108885725184,paramedics are currently carrying out a number of hostages in #martinpl. #sydneysiege #9news,0
552805488631758849,"at least 12 killed in today's attack on satirical magazine #charliehebdo in paris, official says. URL",0
645711628046995462,latest starving 'refugees' from #syria . these guys look like friggin soldiers to me! URL,1
614608936491188225,white house lit in rainbow colors after gay marriage ruling URL URL,0
693858804279201794,"poor women in india are fighting for the right to have a job. ""when you start working, your heart opens up."" URL",0
674014933235859456,"dearborn michigan, this morning. pro isis rally. spread the word, the fit is about to hit the shan here in the us. URL",1
690042063958732800,#ausopen: british number one andy murray beats australia's sam groth 6-0 6-4 6-1 scores: URL URL,0
693041285087756288,saliha is one of the first women ever to stand for election in saudi arabia: watch her story URL URL,0
620971220301787136,while @cnn is talking about #irandeal nasa confirms earth will experience 15 days of darkness in november 2015 URL,1
656880145769197568,10 'back to the future' predictions that came true URL URL,1
674263945172119552,1.15 million americans have been killed by guns since john lennon's death URL URL,0
612646796355960832,"after arrest, dylann roof was hungry. police bought him food from burger king. more details: URL URL",1
544511199702822913,police move in: police confirm live ammunition used in martin place #sydneysiege,0
693441093048766464,icymi: joseph pena squatted 875 pounds. he's 17 years old ... URL,0
553107921081749504,"two shot in paris, including traffic cop, as manhunt continues for #charliehebdo suspects URL URL",0
666190716448587776,warning syrian refugees hv arrived in neworlean &they r here 2stay ur funds r being well invested in one-way tickets URL,1
681199637387149313,sacha baron cohen and his wife donate $1 million to syrian refugees URL URL,0
632377165477191680,trayvon martin at space camp in florida. #blacklivesmatter URL,0
652992524504600576,"steve jobs was adopted. his biological father was abdulfattah jandali, a syrian muslim.",1
672927317191229440,this is the face of female jihadist #tashfeenmalik could pass for a widow or orphanüò§#norefugees #islamistheproblem URL,1
688819658057740290,us trying to locate americans missing in baghdad after al-arabiya reports they may have been kidnapped by militias URL,0
692845716826300418,"today, the @deptofdefense took steps to expand paid leave for military moms and dads ‚Üí URL URL",0
692748411481780224,"man held at disneyland paris carrying ""low-calibre"" guns & copy of koran - police sources URL URL",0
675193315306905600,el chapo vs isis: mexican cartel boss threatens islamic state over drug trade URL URL,1
674364257799004160,adolf hitler vs donald trump URL,1
662430295254175744,#opkkk releases 500+ names and reveals unexpected #plottwist URL URL,1
544512676643500033,breaking @skybusiness: freed hostage borne high from #sydneysiege w/c.4 paramedic teams on the scene URL ( carsonscottli,0
638050997340893184,"in celebrity death hoax news, james earl jones is not dead. URL URL",1
692890520960397312,"the terps do it again! no. 8 maryland knocks off no. 3 iowa 74-68, has beaten 5 of its last 7 top-5 opponents. URL",0
544324444773433348,"uber says it has hiked prices in sydney to ""encourage more drivers to come online & pick up passengers."" URL #sydneysiege",0
673079581520318464,do these look like the faces of a homeless couple caught living in a walmart attic for 2 years? URL,1
691995324752252930,"""the dave i know is polite, modest, and content. jumbotron dave is crass and loud."" URL URL",0
673984270902427650,donald trump and adolf hitler. two sides of the same coin. #racism #fascism URL,1
524975705206304769,#nhl cancels tonight's game between #ottawa and #toronto due to today's shootings. senators were to host maple leafs.,0
618805892222468096,jay z and beyonc√© want to buy rights to the confederate flag: URL URL,1
693086478667112448,"the people have spoken: there is now a petition for @snoopdogg to narrate ""planet earth"" URL URL",0
614595181845839873,the white house is lit up rainbow. URL,0
654371696195993600,colorado mcdonald‚Äôs offers first marijuana friendly smoking section in restaurant - URL,1
665358434351509504,"breaking: 1st load of 10,000 syrian refugees arrived in new orleans URL #makeamericagreatagain URL",1
666633171325353989,"the myth of zouheir, a ""hero muslim security guard"" in paris URL (via @bbctrending) URL",1
666070802924617728,jindal demands info about refugees entering new orleans... URL,1
544512664769396736,"breaking: police enter #lindt cafe, hostages flee URL #sydneysiege URL",0
692106491365605376,apple announces most profitable quarter in u.s. history‚Äîand the end of unprecedented growth URL URL,0
691789524498845699,president obama announces ban on solitary confinement for juveniles in federal prisons - washington post URL,0
767803368081358848,"fbi uncovers nearly 15,000 more emails and materials sent to or from hillary clinton. URL URL",0
667379734343471104,donald trump is the new adolf hitler URL,1
653250169752977408,".@hillaryclinton is ahead of @berniesanders by 19 percentage points, in a new cbs news poll released sunday. URL",1
643103859729166337,unreal: watch what happens when desperate muslim refugees are offered red cross food URL URL,1
658065957823324160,"the father of steve jobs, the ground-breaking founder of apple, was a refugee from syria URL URL",1
693534670428971008,"up to 100 masked men, dressed in black, involved in ""migrant attack"" in stockholm URL URL",0
614599619310407680,white house is aglow in the colors of the rainbow celebrating the supreme court's same-sex marriage decision. URL,0
691285663522648065,"investigations into nearly 60 allegations of unlawful killing against uk soldiers in iraq are dropped, mod says URL",0
661229627734667264,mayors flatly deny klan membership after #anonymous releases names online URL #opkkk #hoodsoff URL,1
672102358516670465,"holy christ, #samuraijack is returning to television! URL URL",0
673686233936072704,72 dhs employees on the terror watch list: URL h/t @penguinsfan62,1
618192748735299584,"the kissing islands, greenland! URL",1
614594667225571328,breaking: the @whitehouse is celebrating with us tonight lit up in rainbow colors. #lovewins URL,0
693935557009801218,iran's supreme leader awards medals to troops who 'captured' u.s. sailors URL URL,0
644229386149888001,"greek customs captured containers of weapons and ammunition going to refugee camps in europe as ""plastic furniture"" URL",1
671181758692507648,desperate ted cruz claims planned parenthood shooter was transgender leftis; based on rumor he read URL,1
692078399012130816,woman a leading authority on what shouldn‚Äôt be in poor people‚Äôs grocery carts URL URL,0
626642648179159040,this is how people in china are riding escalators after a horrific accident URL URL,1
614610920782888960,there will be cool photos of the white house w rainbow colors tonight but hard to top this one by chuck kennedy. URL,0
673872171341447169,72 dhs employees on terrorist watch list URL via @kredo0 URL,1
693167683701968896,women in america still earn only $0.79 for every $1 men make. it's time for #equalpay ‚Üí URL URL,0
692014905239666688,danish lawmakers approve bill allowing seizure of asylum seekers' valuables to help cover expenses. URL,0
544520042810200064,"#sydneysiege is over. 2 confirmed dead, #prayforsydney #prayforsydneyhostages #sydney #hostages",0
692803280238419971,usgs: sonic boom confirmed in new jersey area after reports of shaking; cause not immediately known URL,0
664000310856310784,"mysterious creature discovered in california, everyone naturally cries alien: URL URL",1
767541796410839040,powell breaks silence: clintons trying to 'pin' scandal on me! URL,0
641972184412327937,alert! islam taught in tennessee schools URL #wakeupamerica #tcot #wethepeople #pjnet #ccot URL,0
651321040119963648,el chapo puts $100 million bounty on donald trump...dead or alive! URL,1
662151653462790144,hackers from anonymous say they're set to expose hundreds of kkk members URL #opkkk URL,1
693844030589902848,.@dylanobrien learned the hard way to not mess with @shelleyhennig: URL URL,0
676067381299576832,72 dhs employees on terrorist watch list - washington free beacon URL,1
544491151118860289,"sydney hostage-taker - man monis, 49 - originally from iran - self-styled sheikh - accused of sexually assaulting 7 women developing..",0
544515538383564801,"haron monis,hostage-taker in #sydney: fled #iran 96,suspect in ex-wife killing,46 sex assaults URL URL",0
673615400655970304,shock: 72 'homeland security' employees on terrorist watch list... URL,1
641443248909754368,kim davis angers 'eye of the tiger' creator after using song at prison release URL,1
614601139422633984,white house lit in rainbow colors following us supreme court ruling that same-sex couples have right to marry. URL,0
524931324763992064,very reliable source on parliament hill tells me the assailant has been killed. #cdnpoli #ottnews,0
656047932093763584,"cnn/orc poll: clinton did best in 1st dem debate, but only sanders significantly increased support in past month. URL",1
723025600810766336,#ripchyna: the wwe icon has passed away at the age of 45. URL URL,0
656595123590012928,10 'back to the future' predictions that actually came true URL URL,1
615346611955183616,breaking: south carolina to ban sale of tylenol. they fear picking of cotton from the bottles may represent slavery. URL,1
663817239896821760,for everyone who thinks starbucks red cups are ruining christmas URL URL,1
659462980476637184,fda confiscates several thousand chickens from kfc farms as mutations worsen URL URL,1
669259395902152704,"months ago, rupert murdoch bought national geographic and fired most of writers. this just hit the stands. URL",1
620367840902782976,translucent butterfly - beautiful! ' URL,1
544301453717041152,breaking update: gunman says four devices are located around sydney. security response underway. police calling for calm. 9news,0
628045645010608128,"sylvester stallone was so broke before his script for rocky was accepted that he sold his dog for $25. after he bought it back for $15,000.",1
672169954016403456,"pres. obama on #sanbernardino: ""we have a pattern now of mass shootings in this country that has no parallel."" URL",1
693076140278153217,"michael phelps' gold medals and speedo crashed asu's ""curtain of distraction"" last night. you read that right. URL",0
674314254732931072,".@presssec: @realdonaldtrump comment ""disqualifies"" him from presidency URL via @talkopan URL",1
611039775856812032,what's lurking underneath that crispy crust? a kfc customer claims he got a fried rat: URL URL,1
525068915068923904,***exclusive*** michael zahaf-bibeau caught on a #dashcam model sold at URL #ottawashooting URL,0
544504183341064192,"escaped #sydneysiege hostage, elly chen, a top student and skilled sportswoman URL URL",0
553476490315431937,police convoy and helicopters are rushing to scene to detain charlie hebdo massacre suspects URL URL,0
761573188543229952,good news: our businesses have added 15 million jobs over the past 77 months ‚Üí URL URL,0
673696115305406466,72 dhs employees on terrorist watch list URL,1
651825062174195712,ben carson is the most brainless brain surgeon in america. my new column: URL,1
633949800761700352,cnn/orc poll: donald trump now competitive in general election URL via @jennagiesta URL,1
761999790892806144,‚Äúour team boasts the most women who have ever competed for any nation at any olympic games.‚Äù ‚Äî@potus on @teamusa: URL,0
553587013409325058,#breaking charlie hebdo gunmen's hostage freed and safe after police assault,0
544513524438155264,"sydney siege: police enter cafe as hostages flee the scene, gunfire heard, reports of an injured person ‚Äì live URL",0
672539897899577344,mass shootings list. reagan - 11 bush sr - 12 clinton - 23 bush jr - 16 obama - 162 #sanbernadino,1
693691456222052352,"red alert! drake just dropped a new single called, ""summer sixteen"" from his new album. URL URL",0
693648684857323521,spoiler alert: leo and kate were ridiculously cute together at the 2016 #sagawards. URL URL,0
672219174463275008,"pres. obama on #sanbernardino: ""we have a pattern now of mass shootings in this country."" URL URL",1
614628865353351168,the white house takes on rainbow hues in celebrating #scotusmarriage decision: URL URL,0
544358564484378624,police: negotiators are now in contact with armed hostage-taker in sydney situation; motive remains unknown - URL,0
693555965019492352,denver medical center on lockdown; 9 at hospitals after deadly incident at denver coliseum URL URL,0
544278985249550337,geoblock lifted on #abcnews24. streaming coverage of the martin place siege in sydney here URL,0
544367462012432384,"more: police confirm 3 hostages escape sydney cafe, unknown number remain inside URL #sydneysiege",0
692797856386777089,an adorable young fan asked riley curry to be his valentine ... and steph responded: URL URL,0
614645853291155457,"as sun goes down, white house lights up rainbow colors to celebrate scotus ruling: URL URL",0
682916727282270208,erdoƒüan cites hitler's germany as example of effective government URL,0
552791196247269378,"breaking: at least 10 killed in shooting at french satirical newspaper charlie hebdo, paris prosecutor's office says. URL",0
524943490887991296,"confirmed | 1 shooter shot dead at parliament hill, but there is more than 1 suspect. #cbcott #ottnews",0
667534186450825216,steve jobs' biological father was a syrian immigrant.,1
687643002240679936,"three men found guilty of involvement in ""largest burglary in english legal history"" at hatton garden URL",0
677099574855639044,plumber suing car dealership for $1m after truck he traded in ends up in hands of isis: URL URL,1
544391533240516608,five hostages have escaped the besieged lindt cafe in #sydney | our latest update: URL URL,0
656825206045020160,"#backtothefuture fans, it's october 21, 2015 ‚Äî the future is finally here! URL URL",1
525025279803424768,the soldier shot dead in wednesday's ottawa attacks has been named as cpl. nathan cirillo of #hamont #ottawashooting URL,0
693119705469587456,nasa astronaut @stationcdrkelly captures a beautiful sunrise from aboard the international space station. URL,0
666051332504207360,jindal protests sending of syrian refugees to new orleans URL URL,1
692929779696275456,ohio lawmakers want to know why state‚Äôs epa didn‚Äôt tell public about lead leaking into water supply of sebring. URL,0
553544694765215745,french police publishes photos of suspect in yesterday's montrouge shooting. maybe the same persons in kosher market URL,0
674080899055546368,a vote for donald trump is a vote for adolf hitler.,1
626770498328895488,translucent butterfly - beautiful! ' URL,1
657007736467525632,"steve jobs was adopted. his biological father was abdulfattah jandali, a syrian muslim.",1
614626710248534016,"""these colors celebrate a new chapter in the history of american civil rights."" #lovewins URL URL",0
693771953648373760,"in china, 77% of jobs are threatened by automation URL URL",0
649903655160815616,vatican says #kimdavis' meeting w/ #popefrancis 'should not be considered a form of support.' URL URL,0
692082861525078017,tony the tiger has no more cummies left to give URL URL,0
614054616154550273,charleston church shooter dylann roof receives $4 million in donations from supporters - URL URL,1
674301960787505153,donald trump has been disqualified for running for president URL,1
614494170590367744,theres' a double rainbow over the white house URL,0
661870323034431489,holy shit. rupert murdoch just killed national geographic. URL,1
637873886072320001,sanders closes to 7 points behind clinton in new iowa poll. URL URL,1
689938201193115648,".@potus on declaring a federal emergency in #flint, michigan to supplement state and local response efforts. URL",0
645362146415525888,"#bulgaria finds 10,000 #fake passports hidden by #muslim refugees heading for #germany passports for #terrorists URL",1
692758581494599681,french police hunting woman who was with an armed man arrested near disneyland paris. URL,0
672632863452299264,reagan (11 mass shootings) bush sr (12 mass shootings) clinton (23 mass shootings) bush jr (16 mass shootings) obama (162 mass shootings),1
525056576038518785,soldier killed in canada shooting was a young reservist with a six-year-old son URL URL,0
672433211604013057,reagan (11 mass shootings) bush sr (12 mass shootings) clinton (23 mass shootings) bush jr (16 mass shootings) obama (162 mass shootings),1
614618682543616000,white house shines rainbow-colored lights in honor of #scotus gay marriage decision #lovewins URL URL,0
693060960001597440,mark zuckerberg is now richer than the koch brothers üí∞ URL URL,0
693826104633737217,"watch bernie sanders sing ""this land is your land"" with vampire weekend at iowa students rally URL",0
675064077367005184,el chapo threatens isis URL URL,1
524926235030589440,breaking news: at least 3 shots fired at ottawa war memorial. one soldier confirmed shot - URL URL,0
544380742076088320,"this is shot that captures the #sydneysiege: sheer terror/relief of escaped hostages, incredible work of @nswpolice URL",0
614605997953404929,white house lit in rainbow colors after high court's gay marriage ruling (with photo) URL,0
629503919098429440,chick-fil-a to open on sundays URL,1
692623941131722752,3-legged dog expected to survive after getting shot while scaring off armed robbers. URL URL,0
626546123713474560,this is how people in china are riding escalators after a horrific accident URL URL,1
672906198434209792,farook family attorney says brothers in the family never saw tashfeen malik's face because she always wore a burka. URL,1
673615263040798726,72 dhs employees on terrorist watch list URL,1
647169573599449088,new cnn democratic poll: bernie sanders 46 hillary clinton 30 joe biden 14 martin o'malley 2,1
641050980985999360,"happy ""$15 minimum wage"" labor day from mcdonalds URL",1
666107476526432256,muslim security guard stopped bomber from entering the stadium during #parisattacks URL #zouheir URL,1
620916279608651776,nasa confirms earth will experience 15 days of complete darkness in november 2015 - URL URL,1
673664899571060736,72 dhs employees on terrorist watch list URL via @kredo0 URL,1
544271284796784640,"developing: gunman takes hostages in sydney cafe, 'isis' flags being held against window - URL URL",0
692071267189395457,here's why @potus is taking steps to ban solitary confinement for low-level infractions: URL URL,0
675065047710892033,"mexican drug kingpin 'el chapo' reportedly threatens to destroy isis ""p*ssies."" URL URL",1
668144671772778497,"according to anonymous, the next isis target is a wwe event in atlanta. URL URL",1
604625816992002049,"the kissing islands, greenland. URL",1
682996350909157376,turkey's president says all he wants is same powers as hitler URL URL,0
688752927381581824,"""today‚Äôs progress...these things are a reminder of what we can achieve when we lead with strength and wisdom."" ‚Äî@potus on progress with iran",0
693087220459270144,4 miners now rescued from mine in china's shandong after 36 days underground - state media URL URL,0
524962142563610625,#breaking rick hughes at cbc hamilton: the soldier who was shot in ottawa wednesday morning is a reservist serving in hamilton,0
693573781730783232,"ooh, baby! dickie v loved this reverse dunk by ben simmons. lsu's up double-digits on no. 1 oklahoma: URL",0
692083780123783172,actor abe vigoda has died at 94 URL URL,0
627828211003469825,this is how people in china are riding escalators after a horrific accident URL URL,1
693059995013742592,mook spooked: hillary manager predicts trump will win presidency if nominated!,0
614594195479752704,white house lit in rainbow colors after today's historic supreme court ruling #scotusmarriage URL,0
692691444046372865,"zika virus ""spreading explosively"" around the americas, who director-general says. URL",0
614593989203886080,the @whitehouse is lit up like a rainbow! #lovewins URL,0
690376107825192960,happy #nationalhugday! URL,0
658259426172891136,4 legged chickens: fda confiscates several thousand chickens from kfc farms as mutations worsen URL,1
651959206287908868,"donald trump's capture, dead or alive, is reportedly worth $100 million to el chapo. URL URL",1
681147789653356544,katy perry -- makes holiday wish come true for burn victim URL,0
652882609219833856,.@realdonaldtrump: what's the secret of my popularity? my looks. i'm very handsome. URL URL,1
544476808566276097,tv channels have chosen not to show videos of hostages relaying #sydneysiege gunman's demands. URL URL,0
687274510643511296,"the oregon militia idiots would like you to stop mailing them dildos, please URL URL",0
647464349611589632,"poll: @hillaryclinton trails @berniesanders in new hampshire, even without @vp in the race URL URL",1
691632238035886081,"former conservative minister lord cecil parkinson dies aged 84, after suffering from cancer, his family says URL",0
524952883343925249,watch video showing gunfire inside canada's parliament in ottawa URL URL,0
688021039322894336,"kosovo war crimes court to be set up in the hague, dutch government says URL",0
691678576018657281,adorable but frightened sloth rescued from side of highway in ecuador URL URL,0
692874200927698945,report: las vegas sands to propose $1 billion domed stadium to possibly draw nfl franchise - fox5 las vegas URL,0
666640008149925893,son of a syrian refugee URL URL,1
663515735231062016,michelle obama says ‚Äòwhite folks‚Äô are what‚Äôs wrong with america URL no michelle you are whats wrong with america,1
643139873264812032,and so it begins‚Ä¶isis flag among refugees in germany fighting the police [pictures] URL URL,1
689860942671130624,"7 years ago, @potus bet big on rescuing the american auto industry. here's how it paid off: URL URL",0
656662726014599168,"the father of steve jobs, the ground-breaking founder of apple, was a refugee from syria URL URL",1
674229534888185856,who said it: donald trump or adolf hitler? URL URL,1
672432930426372096,ever wonder why the most mass shootings ever have happened under obama? URL via @rebootliberty URL,1
600451916414484480,nasa recently released imagery showing the deforestation of america ‚Ä¶in just 34 years. URL,1
692838430783332357,nation's dog owners demand to know who's a good boy URL URL,0
765612862681255936,".@greysabc season 13 will focus on the ""originals"" URL #greysanatomy URL",0
641088973717110784,#imachristianbut i wish chick-fil-a was open on sundays.,1
553508098825261056,police have surrounded this building where the suspected #charliehebdo attackers are holed-up URL URL,0
762793077509464064,"""if you could compete in any olympic event, what would you choose?"" ‚Äî@potus asks @flotus: URL URL",0
614628136634949632,the @whitehouse is lit up in a rainbow #lovewins URL,0
580324027715063808,"just in: germanwings plane crashes in southern france, up to 150 feared dead URL",0
634665777400950784,translucent butterfly URL,1
674301413040758785,".@presssec: @realdonaldtrump muslim comment ""disqualifies"" him from presidency URL URL",1
613362193787129860,"the kissing islands, greenland. URL",1
692820029159653377,"beck on david bowie: ""he‚Äôs always been a guidepost for me"" URL URL",0
693471161313816576,lego‚Äôs first-ever figurine in a wheelchair is prompting ‚Äògenuine tears of joy‚Äô URL,0
524941132237910016,here's that dramatic video via @josh_wingrove of shots fired inside parliament building: URL #ottawa #shooting,0
655986243042459648,"steve jobs was adopted. his biological father was abdulfattah jandali, a syrian muslim.",1
544283772569788416,live updates: siege in sydney cafe URL,0
693818562981421056,icymi: somehow lebron came out in shorts that didn't match the rest of his team ... so he had to change mid-quarter. URL,0
618449248179191808,girl killed in her sleep from wearing earbuds while iphone was charging - URL URL,1
693897857376632832,clinton ominously tells iowan supporters to mark front doors with campaign logo before sundown URL,0
692410832307818497,will you watch thursday‚Äôs #gopdebate if @realdonaldtrump is not on stage? URL,0
662381914842603520,"rt @operation_kkk: official #opkkk #hoodsoff 2015 data release URL with love, anonymous . URL",1
615494435074363392,"if they can light up the white house like a rainbow for gay pride, it sure as hell better be red, white & blue for independence day. merica.",0
766568413418356736,"us swimmer jimmy feigen to pay $11,000 to charity as part of deal to settle brazil robbery dispute - us media URL",0
676367888543031296,"north carolina town rejects solar panels for sucking ""up all the energy from the sun.‚Äù URL URL",0
692758050378256388,elvis presley made his tv debut 60 years ago today. look back at his history on the tube URL URL,0
642465192408940544,#wakeupamerica heads need to roll! school forcing non-muslims to praise islam URL #bansharia URL,0
612438528803213312,"after police arrested #dylannroof, they went and bought him burger king because he was hungry. #charlestonshooting URL",1
613425834301485056,police bought #dylannroof food from @burgerking after he was arrested for church shooting: URL URL,1
693281966846808064,"a head-on collision with another planet may have created our moon, researchers say URL URL",0
659428447459110912,"#opkkk: #anonymous to reveal identities of 1,000 ku klux klan members URL URL",1
672902686380003328,reagan (11 mass shootings) bush sr (12 mass shootings) clinton (23 mass shootings) bush jr (16 mass shootings) obama (162 mass shootings),1
659439879701602304,fda confiscates several thousand chickens from kfc farms as mutations worsen URL URL,1
553590459688570880,several hostages freed at jewish supermarket in paris. photo thomas samson #afp URL,0
525058976376193024,our thoughts and prayers go out to nathan cirillo who died today in ottawa while protecting his country at age 24 URL,0
669201837187334144,"steve jobs was adopted. his biological father was abdulfattah jandali, a syrian muslim.",1
693203974388895744,a tiny alpine town in northern italy just welcomed its first baby in 28 years üçºüë∂ URL URL,0
553476880339599360,"developing: police pursuing #charliehebdo shooting suspects, helicopters deployed - live feed: URL URL",0
687537772970684417,jakarta attacks: #kamitidaktakut hashtag shows indonesians are not afraid URL,0
500378223977721856,"oh. so now the #ferguson police chief says the cop didn't know about the robbery when he stopped #mikebrown. the kid was ""jaywalking""? bs!",0
658786161733734400,"steve jobs was adopted. his biological father was abdulfattah jandali, a syrian muslim.",1
651402689352351744,"help the red cross provide food, water & cots for refugees across europe. URL ¬† #aidrefugees URL",1
634943791934406657,marilyn monroe and james dean smoking in new york city URL,1
544319832486064128,"hostage situation erupts in sydney cafe, australian prime minister says it may be ""politically motivated"" URL",0
693606934050684928,looking at eddie redmayne looking at alicia vikander is making us all kinds of emotional. #sagawards URL,0
666810213274689537,but democrats say that syrian refugees are 3 year-old orphans. so why are they worried about them buying guns?,1
692702295281262593,the @who predicts 3 to 4 million cases of #zikavirus that is spreading through americas URL,0
692498490249891842,"""an attack on any faith is an attack on all our faiths."" ‚Äî@potus at @israelinusa",0
689867195657101312,"13 questions with @madisonbeer, the 16-year-old singer @justinbieber discovered on youtube: URL URL",0
553512735192141826,update - afp: an unnamed police source says the killing of the policewoman in #paris on thursday is linked to the #charliehebdo attack,0
544517264054423552,#breaking: police have confirmed that the #sydneysiege is over. #9news,0
656629493377990656,"steve jobs was adopted. his biological father was abdulfattah jandali, a syrian muslim.",1
675005503160901632,"after mass shootings, obama seeks to expand background checks for gun sales by executive order to bypass congress URL",1
638047610973089793,"obese woman arrested for starving her 7 kids: ""there was only enough food for me"" URL URL",1
723198441690636288,pop legend prince has died at 57: URL URL,0
641082932740947972,"judy carne, ‚Äòsock it to me girl‚Äô on ‚Äòlaugh-in,‚Äô dies at 76 URL",0
648894687542034432,"steve jobs was adopted. his biological father was abdulfattah jandali, a syrian muslim.",1
692925396292091905,paul kantner was jefferson airplane's conceptual heart. here are 12 essential songs URL URL,0
637868242560638980,woman stabs boyfriend for not liking instagram selfie fast¬†enough URL URL,1
498430783699554305,witness: police allegedly stopped mike brown after yelling at him to walk on sidewalk. #ferguson URL,0
641430951403343872,translucent butterfly - beautiful! URL,1
635632641635667968,'great pacific garbage patch' researchers return with data URL URL,1
626897206717624320,did a real life 'fallen angel' just fall from the sky in london? ‚ÄºÔ∏è‚ÄºÔ∏è üëâ URL üëà URL,1
693476774462820352,merkel says refugees must return home once war is over URL,0
626516248206135296,this is how people in china are riding escalators after a horrific accident URL URL,1
676094756758364160,"steve jobs was adopted. his biological father was abdulfattah jandali, a syrian muslim.",1
690650123358093312,"google agrees to pay ¬£130m in back taxes after ""open audit"" of its accounts by uk tax authorities URL",0
623599854661541888,obama; - hours to light up white house in rainbow colors for gay marriage. - 5 days to lower flag for dead marines. URL,0
629209452793626624,a russian laboratory has invented a way to remove the black skin layer of black people URL,1
693811101146963968,trump hopes for reversal on same-sex-marriage URL | ap photo URL,0
666497286663503872,remember: steve jobs' biological father was a syrian migrant. URL (photo: ap) URL,1
642432477185867776,the stickers on fruit are edible.,1
682999206290829312,underrated person of the year 2015 candidate‚Äîthe prime minister of singapore URL URL,0
660466342038867969,calling #anonymous collective to fire at all #kkk & affiliated sources on nov 16. URL #opkkk #hoodsoff retweet/share,1
656202544331517952,"no, internet, cnn did not delete its poll showing bernie sanders won the democratic debate. URL URL",1
647193820812177408,alert: don't fall for this new facebook scam URL URL,1
614607711368519680,photo: white house lit in rainbow colors after high court's gay marriage ruling URL URL,0
656818921979310081,great scott! #backtothefuture 2 (almost) nailed its 2015 predictions. @hplabs makes theirs: URL URL,1
647168914955243520,"new cnn/wmur nh democratic poll: bernie sanders 46 hillary clinton 30 joe biden 14 martin o'malley 2 sept. 17-23, 314 d voters, +/-5.5%",1
661251968078221312,anonymous #opkkk the hoods come off begins with united states senators & mayors URL #hoodsoff URL,1
690680149164085248,update: canada's prime minister @justintrudeau says five people are dead in school shooting URL URL,0
665361505303584774,"first load of 10,000 syrian refugees has arrived in new orleans, being resettled unbeknownst to locals #tcot URL",1
613294443878305796,cops who arrested dylann roof treated him to a burger king URL URL,1
676120162018451456,"months ago, rupert murdoch bought national geographic and fired most of writers. this just hit the stands. URL",1
665379967757324288,"today first load of obama's 10,000 syrian ‚Äúrefugees‚Äù has arrived in new orleans ‚Äì all single males 18-30 years old URL",1
766752508312166402,judge: hillary clinton must respond under oath to questions from conservative legal watchdog URL URL,0
612741808125120513,this dad loved his family so much he got eye enlargement surgery so he could look at them more URL URL,1
689267711856263168,"china's economy grew by 6.9% in 2015, marking its slowest growth in 25 years. URL",0
613023744454475776,first black female gop @repmialove returning donations from alleged white supremacist URL URL,1
614671961801785344,the white house is glowing with pride URL | ap photo URL,0
675490515748425728,america's first muslim female judge; carolyn walker-diallo. URL,0
690580180805509121,justin trudeau: i will raise my sons as feminists URL URL,0
552984502063337472,#update three men including two brothers identified in france newspaper attack: source URL #jesuischarlie #charliehebdo,0
650128194209730561,an openly gay man said that he and his partner met with pope francis a day before kim davis did URL,0
612841482823729152,breaking news campaign donations link top gop contenders to #dylannroof. #tedcruz returns $8k. URL URL,1
636925368927064064,actor james earl jones is not dead: URL URL,1
674015148382666752,"dearborn michigan, this morning. pro isis rally. spread the word, the fit is about to hit the shan here in the us. URL",1
656834590779289600,10 'back to the future' predictions that came true URL URL,1
681767380305985536,"sorry, mark zuckerberg is not giving $4.5 billion to 1,000 random facebook users URL URL",1
648310692794109952,"steve jobs was adopted. his biological father was abdulfattah jandali, a syrian muslim.",1
524995771587108864,this afternoon we've lowered our flags to half mast in honour of the canadian reservist who lost his life in ottawa. URL,0
692752491482615808,"31 ""travel-associated"" cases of zika virus reported in 11 u.s. states + d.c. this year and last, cdc says. URL",0
693502060545703937,".@tedcruz: ""bernie is a socialist and he admits it. hillary is a socialist and she pretends she's not."" URL",0
693456187036037123,"""let's not make the next two weeks about a 'black qb.' let's just talk about the greatness of this guy."" -c. barkley URL",0
692796451987034113,renting vs. owning a home: a side-by-side comparison URL URL,0
693466451081060353,"is the truth out there? üëΩ in nod to @thexfiles, @cia releases hundreds of declassified docs URL URL",0
552832817089236992,stills from eyewitness video show two #charliehebdo attackers wearing hoods & black clothing shoot a wounded man URL,0
544291965513134080,"according to seven, this is a picture of the gunman URL",0
676870737932742656,plumber suing car dealership for $1m after truck he traded in ends up in hands of isis: URL URL,1
672553813249826816,"#onceuponatime's @colinodonoghue1: dark hook is like a ""pissed-off boyfriend"" URL @onceabc URL",0
649881917534433280,"pope francis‚Äô meeting wasn‚Äôt an endorsement of kim davis, vatican says URL",0
692023855926374400,"shooting reported at naval medical center san diego, according to the center's facebook page. URL",0
688446106943008768,"oscars 2016 host chris rock calls event ""white bet awards"" due to lack of diversity: URL URL",0
640107106943766528,"10,000 refugees expected in austria today, per the red cross. about 20 percent are sick or injured. URL",1
640644123339431936,did you know that microsoft actually uses dog noses for thumbsticks on the gamecube controller? URL,1
661299012386095105,'hoods off': anonymous announces operation to name kkk members URL #opkkk,1
613061089518034944,cops rewarded dylann storm roof with burger king following his arrest for an act of domestic terrorism. URL,1
672424512516964352,".@johnrlottjr:""the number of ppl killed by mass shootings during obama‚Äôs tenure is 424 casualties‚Ä¶paris this year alone has 508 casualties.""",1
628319096606732290,whole foods' $6 asparagus water is just water with three stalks of asparagus in it URL URL,0
524936872666353664,more shots fired just off parliament hill. police telling everyone to take cover.,0
673611867181473792,"what? ""72 dhs employees found on terrorist watch list"" URL",1
673581371458199552,men from #pakistan security forces told reporters to stop probing #tashfeenmalik background or face arrest URL,1
668872645589471232,"steve jobs was adopted. his biological father was abdulfattah jandali, a syrian muslim.",1
669613420665159680,farting does not burn 67 calories and is not a practical weight loss mechanism: URL URL,1
676718762830221312,texas plumber sues car dealership after his truck winds up in isis video: URL URL,1
613194145423826944,.@hillaryclinton not talking about ‚Äô92 clinton-gore confederate campaign button URL URL,1
544289409294553088,full statement from pm abbott on #sydneysiege #martinplace #lindt. URL,0
665575674485211136,"first 10,000 syrian refugees arrive in new orleans noticed there are no women or children @realdonaldtrump #tcot URL",1
641191076716417025,"happy ""$15 minimum wage"" labor day from mcdonalds URL",1
682895395077373952,a clever marketing campaign by norwegian airlines. / via URL URL,0
553587303172833280,police taking people out of #paris grocery where hostages were being held. URL,0
633823543541768192,obese woman arrested for starving her 7 kids: ‚Äúthere was only enough food for me‚Äù URL URL,1
544381485591982083,reports on @channeltennews #sydneysiege gunman wants #isil flag delivered to cafe and he also wants to speak to pm or people will be killed.,0
766323684076322816,u.s. justice department to end use of private prisons. URL,0
691608761128067072,29 times @msleamichele's instagram inspired us to live a healthier life: URL URL,0
614638036593299456,"this is how the white house celebrated what obama called ""a victory for america."" #lovewins URL URL",0
553587672137334785,afp: suspected #charliehebdo gunmen have been killed,0
552811386259386370,at least 12 dead in the paris shooting. updated story and background info: URL #charliehebdo URL,0
672828403016429568,obama plans executive action on gun control; white house admits it will not prevent mass shootings URL,1
604642913188872192,florida man sips bud light as he walks down street in only shirt and shoes; says he lost pants and underwear at beach URL,1
765359928361922560,"""people do not smile during a seizure while standing upright and then immediately launch into a coherent sentence."" URL",0
626739062792032256,this is how people in china are riding escalators after a horrific accident URL URL,1
663722803489808384,people are enraged that starbucks' red cups aren't christmas-y enough URL URL,1
691719802499432448,and jake makes that one more for team kal-el... let us know which side you're on with '#empirebvs'. URL,0
661120256732041216,breaking news here oooof #hoodsoff #opkkk #anonops #anonymous #anonfamily #kkk #racism URL,1
634404792241143809,new seaworld show just elephant drowning in large tank of water with no explanation URL URL,1
524923676484177920,breaking - shooting on parliament hill. rcmp have weapons drawn #cdnpoli URL,0
665364878287224834,"ironic timing ‚Äì today first load of 10,000 syrian ‚Äúrefugees‚Äù has arrived in new orleans ‚Äì‚Ä¶ URL URL",1
642027433693171712,".@berniesanders says @realdonaldtrump is ""using racism as a way to attract votes"" #bernieoncnn URL URL",1
626901072209121282,everyone mad at bruce for his sex change but no one gave ashit about that nerd minkus changing into chanel west coast URL,1
692735698349199360,"north korea 'planning some kind of rocket launch' us officials say, citing increased activity at test site URL",0
544277117039837184,flag in window of sydney lindt cafe not an isis flag. reads: ‚Äòthere is no god but allah and muhammad is the messenger of god‚Äô (@liztilley84),0
663904307113275392,"donald trump defends christmas, says ""maybe we should boycott starbucks"" over new red cups: URL URL",1
544358533819420672,breaking: three hostages appear to have escaped the sydney cafe where a siege remains ongoing. URL #sydneyseige,0
693528374996652032,".@realbencarson: ""what good does it do a man to gain the whole world & to lose his soul?"" URL",0
524965775036387329,"hero. @affanchowdhry: kevin vickers, head of security in parliament, being credited for taking down shooter #ottawa URL """,0
673346166822694914,do these look like the faces of a homeless couple caught living in a walmart attic for over 2 years? URL,1
525025463648137216,breaking: a source confirms to cp24 that the deceased soldier in ottawa is cpl. nathan cirillo. cirillo was a member of the hamilton argylls,0
672488384695279616,reagan (11 mass shootings) bush sr (12 mass shootings) clinton (23 mass shootings) bush jr (16 mass shootings) obama (162 mass shootings),1
642145732435292160,poll: @hillaryclinton's lead over @berniesanders shrinks as her edge over gop vanishes URL URL,1
614604580601597953,"watch live: as sun goes down, white house lights up rainbow colors to celebrate scotus ruling URL URL",0
643225207705075716,isis flag among refugees in germany fighting the police .. URL #norefugees #rebootliberty URL,1
654351281260113920,today @cnn removed a debate poll where over 80% were for @berniesanders #demdebate #clintonnewsnetwork URL,1
692540218310803456,"""dewshine"" drink suspected in deaths of tennessee teens. URL",0
661102820976930816,"‚ñ∫#anonymous operation #kkk ‚ñ∫ku klux klan, we never stopped watching you URL #opkkk #hoodsoff URL",1
693061713042771968,end of the line for land rover defender as emission rules kill off iconic 4x4 URL #bbcgofigure URL,0
544518335019229184,#breaking: at least two people have died following the #sydneysiege. 5 people are being treated by paramedics.,0
614624331717545984,live from the white house...in rainbow colors. hundreds of people...hundreds URL,0
615840865815298048,valerie jarrett organized white house rainbow lights URL URL,0
645356735545364480,dna confirms hakeem from ‚Äòempire‚Äô is jay-z's biological son [read detailsüëáüëáüëáüëáüëáüèæüëáüèø URL URL,1
693651239486263296,"body found in north carolina of virginia girl, 13, missing since wednesday. virginia tech student has been charged. URL",0
544274934835707905,several people being held hostage at a sydney cafe. australian tv showing people with hands up against a window: URL,0
655080266784968705,poll: @hillaryclinton pulls even with @berniesanders in new hampshire after debate URL URL,1
658462819667615744,"the father of steve jobs, the founder of apple, was a refugee from syria URL URL",1
614617234942656512,the white house tonight is illuminated in rainbow colors to honor and celebrate marriage equality. bravo! URL,0
544271362022338560,"black islamic flag being held up in window of #lindt chocolate store in martin place, sydney - hostages inside. URL",0
693321561542127616,"after eluding capture for years, 2 mafia bosses arrested in underground bunker in southern italy. URL",0
692082592380751874,stiles (and the rest of us) just wants lydia to wake up on #teenwolf tonight at 9/8c: URL URL,0
552793679082311680,"11 confirmed dead, francois hollande to visit scene of attack - latest from paris: URL URL",0
693129259334909952,man‚Äôs anxiety not about to let depression muscle in on turf URL URL,0
693893182338289664,i haven't stopped watching #pillowtalk all weekend (and i'm not even sorry): URL URL,0
676955015265837056,"jeb bush: ""donald, you're not going to be able to insult your way to the presidency."" cheer from the audience #nprdebate",0
544319274072817664,"ray hadley says he spoke with hostage, and could hear the gunman in the background barking orders and demanding to go live on air",0
628681462976528384,"whole foods called out for selling $6 ""asparagus water,"" water with stalks of asparagus in it URL URL",0
650037735579910145,the vatican insists pope francis‚Äô encounter with kim davis was not endorsement of her views URL URL,0
544289941996326912,prime minister tony abbott's statement on the #sydneysiege. updates: URL URL,0
649974380416618496,"vatican official says there is ""a sense of regret"" that pope francis met with kim davis: URL URL",0
688428083540553728,remembering the talented singer aaliyah on what would have been her 37th birthday: URL URL,0
692826642583019521,email: michigan officials gave bottled water to state employees a year before flint residents got it URL,0
654343805081157633,hey @cnnpolitics @cnn where did this poll go? apparantly a lot of people like @berniesanders. you should report that URL,1
616481759329427456,"just a crow riding an eagle, nbd. URL URL",0
613114185505996802,"gop candidates, lawmakers return donations made by leader of racist group cited in dylann roof's manifesto: URL",1
552785375161499649,breaking: 10 reportedly shot dead at paris hq of french weekly charlie hebdo URL,0
692368829368918017,"london jury acquits five out of six brokers who were on trial, accused of manipulating the libor interest rate URL",0
672180526946656256,"obama: ""we have a pattern now of mass shootings in this country that has no parallel anywhere else in the world"" URL",1
687409983139495939,governor whose marriage would have been a crime 50 years ago: we've never had racist laws URL URL,0
767092161716350980,"olympics: us women win basketball gold for 6th consecutive olympics, routing spain in final. URL URL",0
693857080193761285,nasa's curiosity rover sends back a selfie from a sand dune in mars: URL URL,0
623818627054206977,nasa confirms earth will experience 15 days of complete darkness in november 2015 URL,1
693402634011701248,the lion‚Äôs share of collaborative work tends to fall on women. and it's exhausting. URL URL,0
667465205258051584,remember the man who killed four marines in chattanooga? he was a refugee. URL,1
524925215235911680,#breaking news: shots fired at parliament hill. follow developing story: URL URL,0
525028734991343617,ctv news confirms that canadian authorities have provided us authorities with the name michael zehaf-bibeau in connection to ottawa shooting,0
647169726158925824,"poll: @hillaryclinton trails @berniesanders in new hampshire, even without @vp in the race URL URL",1
631388553801564160,did a real life 'fallen angel' just fall from the sky in london? URL,1
656811196218286080,10 'back to the future' predictions that came true URL URL,1
674358835675549696,1.15 million americans have been killed by guns since john lennon's death URL,0
766541461189832704,"a boy dies after being bitten by a dog in essex, with a woman arrested for allowing a dog to be out of control URL",0
616765822095261700,a crow tries to fight an eagle‚Äîgets a free ride instead: URL,0
693857551620968448,keeping vanessa hudgens in our thoughts. her dad greg died last night from cancer: URL URL,0
614610364702044164,white house set aglow with rainbow pride URL | ap photo URL,0
693648675772436480,kate winslet congratulating leonardo dicaprio after his #sagawards win is everything üíï URL URL,0
524932935137628160,the gunman in ottawa has been shot and killed. i'm at a loss for words this morning. that isn't my canada.,0
640967537178472448,"judy carne, ""laugh-in‚Äôs"" ""sock it to me"" girl, dies at 76 URL URL",0
692884886374318081,it's gregg popovich's 67th birthday and there's one thing we know he's not doing tonight. URL,0
614595106906226688,the white house bathed in rainbow #scotusgaymarriage URL,0
693181857261719553,nfl: diagnosed concussions rose by nearly 32 percent this season. URL URL,0
693200309955469312,"watch zayn malik's surreal ""pillowtalk"" video, featuring gigi hadad URL URL",0
525049639016615937,this is the soldier who died today at the #ottawa war memorial. his name is cpl. nathan cirillo. #rip #ottawastrong URL,0
692516224245235712,.@potus reflects on the importance of taking his daughters to visit the @holocaustmuseum. #holocaustremembranceday URL,0
614790312955904000,see the white house light up as a rainbow to celebrate gay marriage URL URL,0
687748306571804672,harry potter fans are posting incredibly moving tributes to severus snape and alan rickman: URL URL,0
544520273718812672,police confirm that #sydneysiege is finally over. two people reportedly injured after suffering gunshot wounds URL,0
544350712365207552,#breaking reports two customers and an employee have escaped the #sydneysiege URL,0
688741019979001856,"us imposes sanctions on iranian companies and individuals over missile programme, after lifting of nuclear sanctions URL",0
614702244001382400,white house set aglow with rainbow pride URL | ap photo URL,0
693641113693884416,"ooh, baby! icymi: dickie v loved this reverse dunk by freshman phenom ben simmons. URL",0
767861179951648768,.@realdonaldtrump slams @hillaryclinton: ‚Äúthe job of an elected official is to serve the citizens of the u.s.‚Äù URL,0
524925987239120897,soldier shot at national war memorial in ottawa URL #cdnpoli #hw,0
666335363099660288,eiffel tower displays colors of france's flag to pay tribute to victims of #parisattacks: URL URL,0
692550140754841603,"tyronn lue, the east all-star coach, has coached 3 games. his west counterpart, gregg popovich? 1,538 games. URL",0
688755462783782912,"""when americans are freed and reunited with their families, that‚Äôs something we can all celebrate."" ‚Äî@potus URL",0
676491949524713473,war has come again in the #the100 season 3 trailer URL @cwthe100 @miselizajane @wildpipm URL,0
693939356390653952,"michael oher got a text from cam newton during the offseason. now, they prepare for #sb50: URL URL",0
525019752507658240,"#isis media account posts picture claiming to be michael zehaf-bibeau, dead #ottawashooting suspect. #canada URL",0
690106189951139840,"president putin ""probably"" approved ex-russian spy alexander litvinenko's assassination in 2006, inquiry finds URL",0
767698691205410816,#donaldtrump's son spoke about his father's decision to visit flood-damaged louisiana while pres. obama played golf. URL,0
614620298877513729,white house lit in rainbow colors following us supreme court ruling that same-sex couples have right to marry. URL,0
552791578893619200,eleven dead in shooting at paris offices of satirical magazine charlie hebdo ‚Äì live updates URL,0
614599587362414592,white house lit in rainbow colors following us supreme court ruling that same-sex couples have right to marry. URL,0
693571567377342466,"anne frank's stepsister says trump ""is acting like another hitler"": URL URL",0
649889459836710912,"breaking news: pope francis‚Äô encounter with kim davis wasn‚Äôt an endorsement of her views, the vatican says. URL",0
688366079396163584,iran announces that washington post reporter jason rezaian and three iranian americans have been freed from prison URL,0
524980744658382848,"#rcmp to hold news conference on #ottawa shootings at 2 pm et, 11 am pt. watch live coverage @ URL",0
544352727971954690,"local media: 3 people appear to escape from martin place, sydney, caf√©, amid hostage situation - @abcnews URL",0
765779159176077312,"oil tanker hijacked off malaysian port of kuantan and taken into indonesian waters, malaysian maritime officials say URL",0
690969315470868480,'plane wreckage' found in thailand prompts speculation it might belong to malaysian airlines flight mh370 - reuters URL,0
614594259900080128,"watch live: as sun goes down, white house lights up rainbow colors to celebrate scotus ruling URL URL",0
614614133410033664,the white house goes rainbow to celebrate supreme court marriage ruling URL URL,0
544278335455776769,"#breaking hostages held inside sydney cafe, islamic flag held up",0
665309822208729088,breaking: five explosions heard near bataclan concert hall in paris: reuters witness URL,0
693466724822323200,audio recordings reveal cpr started 11 minutes after staff found gynnya mcmillen URL URL,0
651018580989972480,pope francis expected to fire the archbishop who tricked him into meeting kim davis URL,0
667073349974102017,anne frank was a refugee denied entrance to the united states URL #syrianrefugees URL,0
524922729485848576,only photo i will tweet. cpr being performed on the soldier now. i heard four shots. #ottawa URL,0
668849913678209024,that superman poster is legit: URL URL,0
692743102432346113,"tim allen compares clintons to herpes: 'just when you think gone, they show up again'... URL",0
689915847939219456,"‚Äúseven years ago, auto sales hit a 27 year-low. last year, they hit an all-time high.‚Äù ‚Äî@potus #madeinamerica URL",0
524925050739490816,breaking news: soldier shot at national war memorial in ottawa URL,0
628336948810268673,whole foods tests the limits of yuppie diet fads with new $6 asparagus water - URL URL,0
689890946683576322,"7 years ago today, @potus was sworn into office. here's a look at how far we've come since. URL",0
767459987476054016,it‚Äôs a three-peat! team usa routs serbia 96-66 to win its third-straight and 15th basketball gold medal. URL,0
767203096472719364,wow. anthony johnson's knockout win is the 3rd-quickest finish in @ufc light heavyweight history (0:13). #ufc202 URL,0
689641419825242112,.@potus ‚úì spinach ‚úì some adorable kids ‚úì and an #mlkday service project. watch: URL URL,0
692393375891361794,check out new steps we're taking to expand access to meals for the kids who need it most: URL URL,0
552783667052167168,"france: 10 people dead after shooting at hq of satirical weekly newspaper #charliehebdo, according to witnesses URL",0
552834961762709505,paris manhunt: 3 #charliehebdo attackers with ak-47 rifles & reportedly rocket-propelled grenade still at large URL,0
553160652567498752,french police: said kouachi and cherif kouachi wanted in paris terror attack: URL URL,0
544268732046913536,#breaking: hostages are being held and a siege is taking place at sydney's lindt chocolat cafe in martin place.,0
767855091109863424,".@stephenfhayes: ""this is about hrc having made repeated representations that have turned out to be false."" URL",0
692911086920667136,"in asu's curtain of distraction, michael phelps brought out his gold medals and speedo to do the trick. it worked. URL",0
544282005941530624,hostages in sydney cafe made to hold up islamic flags URL,0
614609560658161664,the white house is lit like a rainbow tonight in honor of the #scotusmarriage ruling. URL,0
580348081100734464,"#germanwings ""sorry to confirm"" 144 passengers & 6 crew on board flight #4u9525 when it crashed in french alps URL",0
553586860334010368,#charliehebdo killers shot dead by police,0
688751061503442944,"""we have now cut off every single path that iran could have used to build a bomb."" ‚Äî@potus #irandeal URL",0
544291804057960448,first photos: hostage pressed against a window. #sydneysiege URL,0
688004802245214208,study: minimum wage increases haven't hurt the restaurant industry. URL,0
628604055644934144,whole foods' selling asparagus water is a sign the end times are near URL URL,0
692163879909064704,#teenwolf starts in 5 minutes! rt if you're watching + tweeting + crying + screaming with @mtvteenwolf & me! URL,0
524942470472548352,"the university of ottawa, just a five minute walk from the hill, is now on lockdown.",0
552792544132997121,breaking charlie hebdo latest: 11 dead 10 wounded (five critical) two gunmen unaccounted for URL URL,0
544289311504355328,statement from prime minister tony abbott on sydney hostage situation. URL,0
614494460747997184,theres' a double rainbow over the white house URL,0
615592870540488704,"if they can light up the white house like a rainbow, it sure as hell better be red, white & blue for independence day.",0
689661418484994049,.@arianagrande just created a unisex fragrance named after her brother: URL URL,0
656848877463560192,i‚Äôm celebrating #backtothefuture day by bemoaning the lack of hoverboards while ignoring the fact that my phone contains all human knowledge,0
692157602554343424,waiting for the new episode of #teenwolf like... URL,0
614610102927147008,bro there's either a black president in a rainbow whitehouse or i'm having the best trip ever,0
614650850393391104,wow! what a way to end this historic day! URL #lovewins #loveislove #equalityforall #lgbt URL,0
614648099542204416,white house shines rainbow-colored lights in honor of #scotus gay marriage decision #lovewins URL URL,0
544514564407427072,"police seem relaxed, suggesting all hostages are out and gunman no longer a threat URL #sydneysiege",0
644329878876237824,alert: tsunami advisory issued for southern california from 3-7 a.m. local time. stay away from ocean and shoreline. #cawx #tsunami,0
553566026030272512,"breaking: two hostage situations in france are linked, paris prosecutor says",0
693804277031157761,unstoppable! novak djokovic is now a perfect 6-for-6 in australian open finals after his win over andy murray. URL,0
763964234774347776,".@theweeknd donates $250,000 to black lives matter URL via @cnnent URL",0
614616994499788800,"there's a rainbow over the white house right now, just the same as when dublin had one the day ireland legalized URL",0
693185853867294721,"meet quasimodo, the dog with the short spine URL URL",0
553506608203169792,"map shows industrial estate where 2 #charliehebdo suspects are holed up, surrounded by police URL URL",0
693013768738115584,uk heterosexual couple who want to enter civil partnership rather than marry lose challenge at london's high court URL,0
524959809402331137,senior u.s. official: canadian government has informed u.s. that one shooter is dead in ottawa. live blog: URL,0
693135382309896192,"breaking: canada has four recent cases of #zika, all from travelers: public health agency",0
623533663947517952,gay marriage ruling? white house in rainbow colors within hours. 4 murdered marines & a murdered sailor? 5 days to lower the flag. nice.,0
692833140428017664,"""let's not make the next two weeks about a 'black qb.' let's just talk about the greatness of this guy."" -c. barkley URL",0
614599815280857088,look: @whitehouse lights up in rainbow colors to celebrate #scotus same-sex marriage ruling URL,0
693853310479155200,meet our new fave celebrity couple: leonardo dicaprio and his vape pen URL URL,0
614615157730357248,"watch live: as sun goes down, white house lights up rainbow colors to celebrate scotus ruling URL URL",0
767859423150759936,study links clinical depression to getting dunked on URL URL,0
764906140257837056,"""my dad is in the air force and that inspired me to have my back up job be president"" ‚Äîlily: URL URL",0
619242759359037440,"obama 2008:""i support traditional marriage, christians vote for me"" obama 2015:""the white house is a rainbow. bring me my unicorn"" merica.",0
552792913910833152,at least 11 dead in shooting at hq of #charliehebdo in #paris (police source) URL,0
767754921403899906,"of the 54 killed by young suicide bomber at wedding in turkey, 22 were under the age of 14. URL URL",0
692940257134653441,icymi: a dog accidentally stumbled into the middle of a local half marathon ... and earned 7th place. URL,0
667487418388488192,"the picture of a syrian child ""surrendering"" to a camera is real. URL URL",0
553586897168392192,#breaking : both charlie hebdo suspects killed as police storm building (police sources) URL URL,0
693128224960856064,iranian surveillance drone flies over u.s. aircraft carrier in persian gulf URL URL,0
553221600955621376,"clarissa, 27 years old, police trainee of montrouge police in #france. victim of this morning's attack. via @_batou_ URL",0
693071538896162816,orphanage saved by bikini car wash URL URL,0
693869818366287872,"vanessa hudgens' father, gregory hudgens, dies the night before ""grease: live"" URL URL",0
686666933949837312,"the guardian front page, tuesday 12 january 2016: david bowie 1947-2016 URL",0
767710042816602112,powell: don't 'pin' this on me: ex-secretary of state rejects clinton claim he 'told her to use' email server URL,0
544399927045283840,"nsw police confirm 5 hostages have emerged from #sydneysiege and they are negotiating: ""it might take a bit of time"" URL",0
524947674164760577,breaking news: new york times is reporting the canadian soldier who was shot has died from their injuries. heartbreaking. #cdnpoli #ableg,0
552792802309181440,#charliehebdo - 11 dead including 2 police in paris shooting. photo @martinbureau1 #afp URL,0
693196937172951040,"""i almost started crying ... but i didn't want them to make me the crying face instead of jordan."" --draymond green URL",0
614891047886434304,the white house was lit up with rainbow lights to celebrate marriage equality: URL URL,0
525023025792835585,#ripnathancirillo rt @globeandmail: soldier killed at war memorial identified as cpl. nathan cirillo #ottawashooting URL,0
767561970182598657,nothing to see here. just nuggets forward wilson chandler catching a 350-pound fish: URL URL,0
687984820815851521,jimmy fallon and sesame street characters photobomb families & it's seriously adorable: URL URL,0
544282227035869184,"breaking news: gunmen take hostages at sydney cafe, wave islamic flag URL URL",0
766822417712963584,"it's been 5 years since ""what makes you beautiful"" lit up our world like nobody else: URL URL",0
553558982476828674,"on israeli tv, an israeli woman speaks of her nephew,a mother with 6 month old baby, held hostage in the supermarket in paris. #jesuisjuif",0
544290258951892992,central sydney shut down by police amid ongoing hostage situation: URL,0
544329935943237632,uber sydney trips from cbd will be free for riders. higher rates are still in place to encourage drivers to get into the cbd.,0
693586539562037248,what a rally for no. 1. oklahoma came back from 14 down and won 77-75 at lsu on this late jumper: URL,0
764497123530375169,"man armed with knife on swiss train starts fire - seven people hospitalised with knife wounds and burns, police say URL",0
552802654641225728,charlie hebdo shooting latest: 12 dead and gunmen still at large URL URL,0
544305540286148609,a man believed to be the gunman filmed wearing a black headband inside the cafe URL URL,0
693906624776245249,"today's the day: if you don't have health insurance, make sure you #getcovered at URL now! URL",0
524923462398513152,shots fired on parliament hill after a man walked up with a gun. i'm locked in a security office on parliament hill,0
616421546702336000,"woah, nature. URL URL",0
524944399890124801,recap: gunman shot dead inside parliament buildings; police believe there may be others on loose. cdn soldier shot earlier at war memorial.,0
686657138270277634,photos of the day URL URL,0
544391176137089024,"hostage taker in sydney cafe demands isis flag and call with australian pm, sky news reports. URL #sydneysiege",0
524969201102901248,mps credit sergeant-at-arms for saving lives in parliament hill shootings URL URL,0
767807335691653120,"these louisiana politicians are demanding flood aid, but voted against sandy relief URL URL",0
552806757672964097,"update: 12 now confirmed dead in #charliehebdo attack in paris, @ap is reporting. story: URL (ap) URL",0
693761289601060864,"at least 30 people killed in double blast near shia shrine of sayyida zeinab, south of damascus - syrian state media URL",0
544350567183556608,we can see people coming out a firedoor near the lindt cafe to waiting police. 2-3 people. hard to see. #sydneysiege,0
693080409282846720,.@potus will make his latest push to advance equal pay for women today URL URL,0
614593386188828672,white house lit in rainbow colors following us supreme court ruling that same-sex couples have right to marry. URL,0
692665281362202624,"we've devoted 24 pages to #batman v #superman, interviewing @zacksnyder, @benaffleck, henry cavill, @galgadot... URL",0
767129248045948929,"‚Äòi can‚Äôt do this anymore,‚Äô think 320 million americans quietly going about day URL URL",0
692701223326056449,we hope you're as excited about thursday as this kid was about lebron's easy basket: URL,0
692753210692476928,french police still searching for woman who may have been accompanying 28-year-old man arrested at disneyland paris URL,0
650046859537448960,an openly gay man said that he and his partner met with pope francis a day before kim davis did URL,0
693171092555431936,watch: tommy chong made a pro-bernie sanders video URL URL,0
693546915892428800,jeb bush campaign kicks off 3-state farewell tour with iowa town hall meeting URL URL,0
544269749405097984,breaking: live coverage of hostage situation unfolding in sydney's martin place URL URL,0
765859710503378944,"top north korean diplomat who disappeared from london embassy has defected to south korea, seoul confirms URL",0
